ProductKey,Unit price,ProductAlternateKey,ProductSubcategoryKey,WeightUnitMeasureCode,SizeUnitMeasureCode,EnglishProductName,SpanishProductName,FrenchProductName,StandardCost,FinishedGoodsFlag,Color,SafetyStockLevel,ReorderPoint,ListPrice,Size,SizeRange,Weight,DaysToManufacture,ProductLine,DealerPrice,Class,Style,ModelName,EnglishDescription,FrenchDescription,ChineseDescription,ArabicDescription,HebrewDescription,ThaiDescription,GermanDescription,JapaneseDescription,TurkishDescription,StartDate,EndDate,Status
353,2319.99,BK-M68S-38,1,LB ,CM ,"Mountain-200 Silver, 38","Montańa: 200, plateada, 38","VTT 200 argent, 38",1265.6195,TRUE,Silver,100,75,2319.99,38,38-40 CM,23,4,M ,1391.994,H ,U ,Mountain-200,Serious back-country riding. Perfect for all levels of competition. Uses the same HL Frame as the Mountain-100.,Conduite sur terrains trčs accidentés. Idéal pour tous les niveaux de compétition. Utilise le męme cadre HL que le Montain-100.,????????????????????????????? Mountain-100 ??? HL ???,?????? ????????? ?? ??????? ???????. ????? ????? ????? ??????? ????????. ?????? ??? ???? HL Frame ???????? ?? ???? Mountain-100.,?????? ?????? ?????? ??????. ??????? ??? ??? ?? ?????. ???????? ??? ???? ????? ?- HL Frame (????? HL) ??? ??? ?????? ???? Mountain-100 (100-????),???????????????????????????  ???????????????????????????????????  ??????? HL ?????????????????? Mountain-100,Mountainbike für Profis. Perfekt für alle Schwierigkeitsgrade geeignet. Mit dem gleichen HL-Rahmen wie das Mountain-100.,??? ??????????????????Mountain-100 ??? HL ?????????????,Gerçek arazi sürü?ü. Tüm yar??ma seviyeleri için mükemmel. Mountain-100 ile ayn? HL kadro kullan?lm??t?r.,01-07-2013,,Current
355,2319.99,BK-M68S-42,1,LB ,CM ,"Mountain-200 Silver, 42","Montańa: 200, plateada, 42","VTT 200 argent, 42",1265.6195,TRUE,Silver,100,75,2319.99,42,42-46 CM,24,4,M ,1391.994,H ,U ,Mountain-200,Serious back-country riding. Perfect for all levels of competition. Uses the same HL Frame as the Mountain-100.,Conduite sur terrains trčs accidentés. Idéal pour tous les niveaux de compétition. Utilise le męme cadre HL que le Montain-100.,????????????????????????????? Mountain-100 ??? HL ???,?????? ????????? ?? ??????? ???????. ????? ????? ????? ??????? ????????. ?????? ??? ???? HL Frame ???????? ?? ???? Mountain-100.,?????? ?????? ?????? ??????. ??????? ??? ??? ?? ?????. ???????? ??? ???? ????? ?- HL Frame (????? HL) ??? ??? ?????? ???? Mountain-100 (100-????),???????????????????????????  ???????????????????????????????????  ??????? HL ?????????????????? Mountain-100,Mountainbike für Profis. Perfekt für alle Schwierigkeitsgrade geeignet. Mit dem gleichen HL-Rahmen wie das Mountain-100.,??? ??????????????????Mountain-100 ??? HL ?????????????,Gerçek arazi sürü?ü. Tüm yar??ma seviyeleri için mükemmel. Mountain-100 ile ayn? HL kadro kullan?lm??t?r.,01-07-2013,,Current
357,2319.99,BK-M68S-46,1,LB ,CM ,"Mountain-200 Silver, 46","Montańa: 200, plateada, 46","VTT 200 argent, 46",1265.6195,TRUE,Silver,100,75,2319.99,46,42-46 CM,24,4,M ,1391.994,H ,U ,Mountain-200,Serious back-country riding. Perfect for all levels of competition. Uses the same HL Frame as the Mountain-100.,Conduite sur terrains trčs accidentés. Idéal pour tous les niveaux de compétition. Utilise le męme cadre HL que le Montain-100.,????????????????????????????? Mountain-100 ??? HL ???,?????? ????????? ?? ??????? ???????. ????? ????? ????? ??????? ????????. ?????? ??? ???? HL Frame ???????? ?? ???? Mountain-100.,?????? ?????? ?????? ??????. ??????? ??? ??? ?? ?????. ???????? ??? ???? ????? ?- HL Frame (????? HL) ??? ??? ?????? ???? Mountain-100 (100-????),???????????????????????????  ???????????????????????????????????  ??????? HL ?????????????????? Mountain-100,Mountainbike für Profis. Perfekt für alle Schwierigkeitsgrade geeignet. Mit dem gleichen HL-Rahmen wie das Mountain-100.,??? ??????????????????Mountain-100 ??? HL ?????????????,Gerçek arazi sürü?ü. Tüm yar??ma seviyeleri için mükemmel. Mountain-100 ile ayn? HL kadro kullan?lm??t?r.,01-07-2013,,Current
359,2294.99,BK-M68B-38,1,LB ,CM ,"Mountain-200 Black, 38","Montańa: 200, negra, 38","VTT 200 noir, 38",1251.9813,TRUE,Black,100,75,2294.99,38,38-40 CM,23,4,M ,1376.994,H ,U ,Mountain-200,Serious back-country riding. Perfect for all levels of competition. Uses the same HL Frame as the Mountain-100.,Conduite sur terrains trčs accidentés. Idéal pour tous les niveaux de compétition. Utilise le męme cadre HL que le Montain-100.,????????????????????????????? Mountain-100 ??? HL ???,?????? ????????? ?? ??????? ???????. ????? ????? ????? ??????? ????????. ?????? ??? ???? HL Frame ???????? ?? ???? Mountain-100.,?????? ?????? ?????? ??????. ??????? ??? ??? ?? ?????. ???????? ??? ???? ????? ?- HL Frame (????? HL) ??? ??? ?????? ???? Mountain-100 (100-????),???????????????????????????  ???????????????????????????????????  ??????? HL ?????????????????? Mountain-100,Mountainbike für Profis. Perfekt für alle Schwierigkeitsgrade geeignet. Mit dem gleichen HL-Rahmen wie das Mountain-100.,??? ??????????????????Mountain-100 ??? HL ?????????????,Gerçek arazi sürü?ü. Tüm yar??ma seviyeleri için mükemmel. Mountain-100 ile ayn? HL kadro kullan?lm??t?r.,01-07-2013,,Current
361,2294.99,BK-M68B-42,1,LB ,CM ,"Mountain-200 Black, 42","Montańa: 200, negra, 42","VTT 200 noir, 42",1251.9813,TRUE,Black,100,75,2294.99,42,42-46 CM,24,4,M ,1376.994,H ,U ,Mountain-200,Serious back-country riding. Perfect for all levels of competition. Uses the same HL Frame as the Mountain-100.,Conduite sur terrains trčs accidentés. Idéal pour tous les niveaux de compétition. Utilise le męme cadre HL que le Montain-100.,????????????????????????????? Mountain-100 ??? HL ???,?????? ????????? ?? ??????? ???????. ????? ????? ????? ??????? ????????. ?????? ??? ???? HL Frame ???????? ?? ???? Mountain-100.,?????? ?????? ?????? ??????. ??????? ??? ??? ?? ?????. ???????? ??? ???? ????? ?- HL Frame (????? HL) ??? ??? ?????? ???? Mountain-100 (100-????),???????????????????????????  ???????????????????????????????????  ??????? HL ?????????????????? Mountain-100,Mountainbike für Profis. Perfekt für alle Schwierigkeitsgrade geeignet. Mit dem gleichen HL-Rahmen wie das Mountain-100.,??? ??????????????????Mountain-100 ??? HL ?????????????,Gerçek arazi sürü?ü. Tüm yar??ma seviyeleri için mükemmel. Mountain-100 ile ayn? HL kadro kullan?lm??t?r.,01-07-2013,,Current
363,2294.99,BK-M68B-46,1,LB ,CM ,"Mountain-200 Black, 46","Montańa: 200, negra, 46","VTT 200 noir, 46",1251.9813,TRUE,Black,100,75,2294.99,46,42-46 CM,24,4,M ,1376.994,H ,U ,Mountain-200,Serious back-country riding. Perfect for all levels of competition. Uses the same HL Frame as the Mountain-100.,Conduite sur terrains trčs accidentés. Idéal pour tous les niveaux de compétition. Utilise le męme cadre HL que le Montain-100.,????????????????????????????? Mountain-100 ??? HL ???,?????? ????????? ?? ??????? ???????. ????? ????? ????? ??????? ????????. ?????? ??? ???? HL Frame ???????? ?? ???? Mountain-100.,?????? ?????? ?????? ??????. ??????? ??? ??? ?? ?????. ???????? ??? ???? ????? ?- HL Frame (????? HL) ??? ??? ?????? ???? Mountain-100 (100-????),???????????????????????????  ???????????????????????????????????  ??????? HL ?????????????????? Mountain-100,Mountainbike für Profis. Perfekt für alle Schwierigkeitsgrade geeignet. Mit dem gleichen HL-Rahmen wie das Mountain-100.,??? ??????????????????Mountain-100 ??? HL ?????????????,Gerçek arazi sürü?ü. Tüm yar??ma seviyeleri için mükemmel. Mountain-100 ile ayn? HL kadro kullan?lm??t?r.,01-07-2013,,Current
372,2443.35,BK-R89R-58,2,LB ,CM ,"Road-250 Red, 58","Carretera: 250, roja, 58","Vélo de route 250 rouge, 58",1554.9479,TRUE,Red,100,75,2443.35,58,54-58 CM,16,4,R ,1466.01,H ,U ,Road-250,"Alluminum-alloy frame provides a light, stiff ride, whether you are racing in the velodrome or on a demanding club ride on country roads.","Cadre en alliage d'aluminium qui offre une conduite légčre et rapide, sur pistes ou sur routes de campagne.",??????????????????????????????????,???? ?????? ??????? ?? ????? ???????? ????? ???? ?????? ?????? ?? ??? ?????? ????? ??? ?????? ?? ???? ???? ?????? ?? ?? ???? ????? ?????? ???? ? ???? ??????? ? ???? ????? ?????.,"????? ??????? ????????? ????? ????? ??? ??????, ??? ?? ?????? ?????? ???? ?? ?????? ?????? ??????? ?????? ??????.",?????????????????????? ?????????????????? ?????? ????????????????????????????? ???????????????????????????????????,Der Rahmen aus Aluminiumlegierung bietet leichtes und stabiles Fahrvergnügen - ob im Velodrom oder auf Landstraßen.,??? ????????????????????????????????????????????????????????????,"""Alüminyum ala??m? kadro, ister velodromda yar?? yap?n, ister köy yollar?nda zorlu tak?m sürü?lerine kat?l?n hafif ve sa?lam bir sürü? deneyimi sunar.""",01-07-2013,,Current
374,2443.35,BK-R89B-44,2,LB ,CM ,"Road-250 Black, 44","Carretera: 250, negra, 44","Vélo de route 250 noir, 44",1554.9479,TRUE,Black,100,75,2443.35,44,42-46 CM,15,4,R ,1466.01,H ,U ,Road-250,"Alluminum-alloy frame provides a light, stiff ride, whether you are racing in the velodrome or on a demanding club ride on country roads.","Cadre en alliage d'aluminium qui offre une conduite légčre et rapide, sur pistes ou sur routes de campagne.",??????????????????????????????????,???? ?????? ??????? ?? ????? ???????? ????? ???? ?????? ?????? ?? ??? ?????? ????? ??? ?????? ?? ???? ???? ?????? ?? ?? ???? ????? ?????? ???? ? ???? ??????? ? ???? ????? ?????.,"????? ??????? ????????? ????? ????? ??? ??????, ??? ?? ?????? ?????? ???? ?? ?????? ?????? ??????? ?????? ??????.",?????????????????????? ?????????????????? ?????? ????????????????????????????? ???????????????????????????????????,Der Rahmen aus Aluminiumlegierung bietet leichtes und stabiles Fahrvergnügen - ob im Velodrom oder auf Landstraßen.,??? ????????????????????????????????????????????????????????????,"""Alüminyum ala??m? kadro, ister velodromda yar?? yap?n, ister köy yollar?nda zorlu tak?m sürü?lerine kat?l?n hafif ve sa?lam bir sürü? deneyimi sunar.""",01-07-2013,,Current
376,2443.35,BK-R89B-48,2,LB ,CM ,"Road-250 Black, 48","Carretera: 250, negra, 48","Vélo de route 250 noir, 48",1554.9479,TRUE,Black,100,75,2443.35,48,48-52 CM,15,4,R ,1466.01,H ,U ,Road-250,"Alluminum-alloy frame provides a light, stiff ride, whether you are racing in the velodrome or on a demanding club ride on country roads.","Cadre en alliage d'aluminium qui offre une conduite légčre et rapide, sur pistes ou sur routes de campagne.",??????????????????????????????????,???? ?????? ??????? ?? ????? ???????? ????? ???? ?????? ?????? ?? ??? ?????? ????? ??? ?????? ?? ???? ???? ?????? ?? ?? ???? ????? ?????? ???? ? ???? ??????? ? ???? ????? ?????.,"????? ??????? ????????? ????? ????? ??? ??????, ??? ?? ?????? ?????? ???? ?? ?????? ?????? ??????? ?????? ??????.",?????????????????????? ?????????????????? ?????? ????????????????????????????? ???????????????????????????????????,Der Rahmen aus Aluminiumlegierung bietet leichtes und stabiles Fahrvergnügen - ob im Velodrom oder auf Landstraßen.,??? ????????????????????????????????????????????????????????????,"""Alüminyum ala??m? kadro, ister velodromda yar?? yap?n, ister köy yollar?nda zorlu tak?m sürü?lerine kat?l?n hafif ve sa?lam bir sürü? deneyimi sunar.""",01-07-2013,,Current
378,2443.35,BK-R89B-52,2,LB ,CM ,"Road-250 Black, 52","Carretera: 250, negra, 52","Vélo de route 250 noir, 52",1554.9479,TRUE,Black,100,75,2443.35,52,48-52 CM,15,4,R ,1466.01,H ,U ,Road-250,"Alluminum-alloy frame provides a light, stiff ride, whether you are racing in the velodrome or on a demanding club ride on country roads.","Cadre en alliage d'aluminium qui offre une conduite légčre et rapide, sur pistes ou sur routes de campagne.",??????????????????????????????????,???? ?????? ??????? ?? ????? ???????? ????? ???? ?????? ?????? ?? ??? ?????? ????? ??? ?????? ?? ???? ???? ?????? ?? ?? ???? ????? ?????? ???? ? ???? ??????? ? ???? ????? ?????.,"????? ??????? ????????? ????? ????? ??? ??????, ??? ?? ?????? ?????? ???? ?? ?????? ?????? ??????? ?????? ??????.",?????????????????????? ?????????????????? ?????? ????????????????????????????? ???????????????????????????????????,Der Rahmen aus Aluminiumlegierung bietet leichtes und stabiles Fahrvergnügen - ob im Velodrom oder auf Landstraßen.,??? ????????????????????????????????????????????????????????????,"""Alüminyum ala??m? kadro, ister velodromda yar?? yap?n, ister köy yollar?nda zorlu tak?m sürü?lerine kat?l?n hafif ve sa?lam bir sürü? deneyimi sunar.""",01-07-2013,,Current
380,2443.35,BK-R89B-58,2,LB ,CM ,"Road-250 Black, 58","Carretera: 250, negra, 58","Vélo de route 250 noir, 58",1554.9479,TRUE,Black,100,75,2443.35,58,54-58 CM,16,4,R ,1466.01,H ,U ,Road-250,"Alluminum-alloy frame provides a light, stiff ride, whether you are racing in the velodrome or on a demanding club ride on country roads.","Cadre en alliage d'aluminium qui offre une conduite légčre et rapide, sur pistes ou sur routes de campagne.",??????????????????????????????????,???? ?????? ??????? ?? ????? ???????? ????? ???? ?????? ?????? ?? ??? ?????? ????? ??? ?????? ?? ???? ???? ?????? ?? ?? ???? ????? ?????? ???? ? ???? ??????? ? ???? ????? ?????.,"????? ??????? ????????? ????? ????? ??? ??????, ??? ?? ?????? ?????? ???? ?? ?????? ?????? ??????? ?????? ??????.",?????????????????????? ?????????????????? ?????? ????????????????????????????? ???????????????????????????????????,Der Rahmen aus Aluminiumlegierung bietet leichtes und stabiles Fahrvergnügen - ob im Velodrom oder auf Landstraßen.,??? ????????????????????????????????????????????????????????????,"""Alüminyum ala??m? kadro, ister velodromda yar?? yap?n, ister köy yollar?nda zorlu tak?m sürü?lerine kat?l?n hafif ve sa?lam bir sürü? deneyimi sunar.""",01-07-2013,,Current
382,1120.49,BK-R64Y-38,2,LB ,CM ,"Road-550-W Yellow, 38","Carretera: 550 para mujer, amarilla, 38","Vélo de route 550 -W - jaune, 38",713.0798,TRUE,Yellow,100,75,1120.49,38,38-40 CM,17,4,R ,672.294,M ,W ,Road-550-W,"Same technology as all of our Road series bikes, but the frame is sized for a woman.  Perfect all-around bike for road or racing.","Équipé de la męme technologie que tous nos vélos de route, avec un cadre femmes. Idéal pour la promenade ou la course sur route.",?????????????????????????????????????????????????????????,???? ??? ??????? ???????? ?? ???? ?????? ????? ?????? ?????? ???? ???? ??????? ?? ?? ????? ???? ?????? ??????? ????????. ???? ????? ?????? ???? ?????? ?? ???????? ?????? ??????? ??? ????? ??????? ?? ??????? ?? ????????.,"????????? ??? ??? ????? ?????? ???? ""????"" ????, ???? ?????? ????? ?????? ?????. ??????? ???????? ??? ???? ????? ?????????.",???????????????????????????? Road ??????? ?????????????????????????????????????  ??????????????????????????????? ???????????????????????????????????????,Dieselbe Technologie wie bei allen Rädern unserer Road-Produktreihe mit Frauenrahmen. Perfektes Allzweckrad zum Trainieren und für den Alltag.,??? ???????????????????????????????????????????????????,"""Yol serisi bisikletlerimizle ayn? teknoloji, ancak kadro boyutu kad?nlar için ayarland?.  Yol ve yar?? için mükemmel çok yönlü bisiklet.""",01-07-2013,,Current
384,1120.49,BK-R64Y-40,2,LB ,CM ,"Road-550-W Yellow, 40","Carretera: 550 para mujer, amarilla, 40","Vélo de route 550 -W - jaune, 40",713.0798,TRUE,Yellow,100,75,1120.49,40,38-40 CM,18,4,R ,672.294,M ,W ,Road-550-W,"Same technology as all of our Road series bikes, but the frame is sized for a woman.  Perfect all-around bike for road or racing.","Équipé de la męme technologie que tous nos vélos de route, avec un cadre femmes. Idéal pour la promenade ou la course sur route.",?????????????????????????????????????????????????????????,???? ??? ??????? ???????? ?? ???? ?????? ????? ?????? ?????? ???? ???? ??????? ?? ?? ????? ???? ?????? ??????? ????????. ???? ????? ?????? ???? ?????? ?? ???????? ?????? ??????? ??? ????? ??????? ?? ??????? ?? ????????.,"????????? ??? ??? ????? ?????? ???? ""????"" ????, ???? ?????? ????? ?????? ?????. ??????? ???????? ??? ???? ????? ?????????.",???????????????????????????? Road ??????? ?????????????????????????????????????  ??????????????????????????????? ???????????????????????????????????????,Dieselbe Technologie wie bei allen Rädern unserer Road-Produktreihe mit Frauenrahmen. Perfektes Allzweckrad zum Trainieren und für den Alltag.,??? ???????????????????????????????????????????????????,"""Yol serisi bisikletlerimizle ayn? teknoloji, ancak kadro boyutu kad?nlar için ayarland?.  Yol ve yar?? için mükemmel çok yönlü bisiklet.""",01-07-2013,,Current
386,1120.49,BK-R64Y-42,2,LB ,CM ,"Road-550-W Yellow, 42","Carretera: 550 para mujer, amarilla, 42","Vélo de route 550 -W - jaune, 42",713.0798,TRUE,Yellow,100,75,1120.49,42,42-46 CM,18,4,R ,672.294,M ,W ,Road-550-W,"Same technology as all of our Road series bikes, but the frame is sized for a woman.  Perfect all-around bike for road or racing.","Équipé de la męme technologie que tous nos vélos de route, avec un cadre femmes. Idéal pour la promenade ou la course sur route.",?????????????????????????????????????????????????????????,???? ??? ??????? ???????? ?? ???? ?????? ????? ?????? ?????? ???? ???? ??????? ?? ?? ????? ???? ?????? ??????? ????????. ???? ????? ?????? ???? ?????? ?? ???????? ?????? ??????? ??? ????? ??????? ?? ??????? ?? ????????.,"????????? ??? ??? ????? ?????? ???? ""????"" ????, ???? ?????? ????? ?????? ?????. ??????? ???????? ??? ???? ????? ?????????.",???????????????????????????? Road ??????? ?????????????????????????????????????  ??????????????????????????????? ???????????????????????????????????????,Dieselbe Technologie wie bei allen Rädern unserer Road-Produktreihe mit Frauenrahmen. Perfektes Allzweckrad zum Trainieren und für den Alltag.,??? ???????????????????????????????????????????????????,"""Yol serisi bisikletlerimizle ayn? teknoloji, ancak kadro boyutu kad?nlar için ayarland?.  Yol ve yar?? için mükemmel çok yönlü bisiklet.""",01-07-2013,,Current
388,1120.49,BK-R64Y-44,2,LB ,CM ,"Road-550-W Yellow, 44","Carretera: 550 para mujer, amarilla, 44","Vélo de route 550 -W - jaune, 44",713.0798,TRUE,Yellow,100,75,1120.49,44,42-46 CM,18,4,R ,672.294,M ,W ,Road-550-W,"Same technology as all of our Road series bikes, but the frame is sized for a woman.  Perfect all-around bike for road or racing.","Équipé de la męme technologie que tous nos vélos de route, avec un cadre femmes. Idéal pour la promenade ou la course sur route.",?????????????????????????????????????????????????????????,???? ??? ??????? ???????? ?? ???? ?????? ????? ?????? ?????? ???? ???? ??????? ?? ?? ????? ???? ?????? ??????? ????????. ???? ????? ?????? ???? ?????? ?? ???????? ?????? ??????? ??? ????? ??????? ?? ??????? ?? ????????.,"????????? ??? ??? ????? ?????? ???? ""????"" ????, ???? ?????? ????? ?????? ?????. ??????? ???????? ??? ???? ????? ?????????.",???????????????????????????? Road ??????? ?????????????????????????????????????  ??????????????????????????????? ???????????????????????????????????????,Dieselbe Technologie wie bei allen Rädern unserer Road-Produktreihe mit Frauenrahmen. Perfektes Allzweckrad zum Trainieren und für den Alltag.,??? ???????????????????????????????????????????????????,"""Yol serisi bisikletlerimizle ayn? teknoloji, ancak kadro boyutu kad?nlar için ayarland?.  Yol ve yar?? için mükemmel çok yönlü bisiklet.""",01-07-2013,,Current
390,1120.49,BK-R64Y-48,2,LB ,CM ,"Road-550-W Yellow, 48","Carretera: 550 para mujer, amarilla, 48","Vélo de route 550 -W - jaune, 48",713.0798,TRUE,Yellow,100,75,1120.49,48,48-52 CM,19,4,R ,672.294,M ,W ,Road-550-W,"Same technology as all of our Road series bikes, but the frame is sized for a woman.  Perfect all-around bike for road or racing.","Équipé de la męme technologie que tous nos vélos de route, avec un cadre femmes. Idéal pour la promenade ou la course sur route.",?????????????????????????????????????????????????????????,???? ??? ??????? ???????? ?? ???? ?????? ????? ?????? ?????? ???? ???? ??????? ?? ?? ????? ???? ?????? ??????? ????????. ???? ????? ?????? ???? ?????? ?? ???????? ?????? ??????? ??? ????? ??????? ?? ??????? ?? ????????.,"????????? ??? ??? ????? ?????? ???? ""????"" ????, ???? ?????? ????? ?????? ?????. ??????? ???????? ??? ???? ????? ?????????.",???????????????????????????? Road ??????? ?????????????????????????????????????  ??????????????????????????????? ???????????????????????????????????????,Dieselbe Technologie wie bei allen Rädern unserer Road-Produktreihe mit Frauenrahmen. Perfektes Allzweckrad zum Trainieren und für den Alltag.,??? ???????????????????????????????????????????????????,"""Yol serisi bisikletlerimizle ayn? teknoloji, ancak kadro boyutu kad?nlar için ayarland?.  Yol ve yar?? için mükemmel çok yönlü bisiklet.""",01-07-2013,,Current
560,1214.85,BK-T44U-60,3,LB ,CM ,"Touring-2000 Blue, 60","Paseo: 2000, azul, 60","Vélo de randonnée 2000 bleu, 60",755.1508,TRUE,Blue,100,75,1214.85,60,60-62 CM,28,4,T ,728.91,M ,U ,Touring-2000,"The plush custom saddle keeps you riding all day,  and there's plenty of space to add panniers and bike bags to the newly-redesigned carrier.  This bike has stability when fully-loaded.",La selle rembourrée offre un confort optimal. Le porte-bagages nouvellement remanié offre diverses possibilités d'ajout de paniers ou de sacoches. Ce vélo reste parfaitement stable une fois chargé.,????????????????????????????????????????????????????????????,?? ???? ??????? ?????? ??????? ?? ???? ????? ????? ?? ??? ????? ?? ??????? ???? ?????? ??? ???? ?? ???? ??????? ??????? ??????? ????? ????? ?????? ???? ?? ??? ????? ??? ???????. ?????? ??? ??????? ???????? ??? ??? ??????? ???????.,????? ?????? ??????? ????? ????? ????? ????? ???? ???? ????? ???? ?? ?????? ???? ???? ????? ??????? ????? ????? ????. ??????? ??? ?????? ?? ?????? ?? ????? ???.,?????????????????????????????????????????????????? ???????????????? ???????????????????????????????????????? ????????????????? ???????????????,"""Der Polstersattel bietet Fahrkomfort für den ganzen Tag, und der Gepäckträger mit neuem Design bietet viel Platz für Fahrradtaschen und Körbe. Dieses Fahrrad behält seine Stabilität auch im voll beladenen Zustand.""",????? ???? ???? 1 ???????????????????????????????? ?????????????????????????????????????????,"""Özel yap?m konforlu sele ile tüm gün bisiklet sürebilirsiniz, ayr?ca k?sa süre önce yeniden tasarlanan ta??y?c?da sepet ve bisiklet çantas? eklenebilecek bol yer vard?r.  Bu bisiklet tam olarak yüklendi?inde dengelidir.""",01-07-2013,,Current
561,2384.07,BK-T79Y-46,3,LB ,CM ,"Touring-1000 Yellow, 46","Paseo: 1000, amarilla, 46","Vélo de randonnée 1000 jaune, 46",1481.9379,TRUE,Yellow,100,75,2384.07,46,42-46 CM,25,4,T ,1430.442,H ,U ,Touring-1000,Travel in style and comfort. Designed for maximum comfort and safety. Wide gear range takes on all hills. High-tech aluminum alloy construction provides durability without added weight.,"Voyagez confortablement et avec élégance. Confort et sécurité maximum. Large éventail de vitesses pour gravir toutes les côtes. Sa fabrication en alliage d'aluminium haute technologie est synonyme de robustesse, sans ajout de poids.",??????????????????????????????????????????????????????????????????,????????? ??????? ?????? ??????? ??? ?????. ??? ?? ????? ??? ??????? ?????? ???? ????? ?????? ???????. ???? ?? ?????? ?????? ?? ?????? ??????? ??????? ??? ???? ????? ?????????. ???? ?????? ????? ?????????? ????? ??????? ??? ????? ??? ??? ?????.,????? ??????? ?????. ????? ?????? ???? ?????? ????????. ???? ??? ?? ?????? ??????? ????? ?????? ?? ?? ????????. ???? ?????? ????????? ???? ??? ???? ?????? ??? ????? ????.,???????????????????????????????  ?????????????????????????????????????????????????  ??????????????? ?????????????????????  ????????????????????????????????????????????? ???????????????????????????,Fahren Sie mit Stil und Komfort. Design für maximalen Komfort und maximale Sicherheit. Viele Gänge für jede Steigung. Der hochwertige Rahmen aus Aluminiumlegierung ist robust und leicht.,?????????????????????????????????????????? ?????????????????????? ????????????????????????????????????,"""Tarz ve konforlu yolculuk. Maksimum konfor ve güvenlik için tasarland?. Tüm tepelere ç?kacak kadar çok vitesli. Yüksek teknoloji alüminyum ala??m? yap?s?, dayan?kl?l?k sa?larken hafiflikten de taviz vermiyor.""",01-07-2013,,Current
562,2384.07,BK-T79Y-50,3,LB ,CM ,"Touring-1000 Yellow, 50","Paseo: 1000, amarilla, 50","Vélo de randonnée 1000 jaune, 50",1481.9379,TRUE,Yellow,100,75,2384.07,50,48-52 CM,25,4,T ,1430.442,H ,U ,Touring-1000,Travel in style and comfort. Designed for maximum comfort and safety. Wide gear range takes on all hills. High-tech aluminum alloy construction provides durability without added weight.,"Voyagez confortablement et avec élégance. Confort et sécurité maximum. Large éventail de vitesses pour gravir toutes les côtes. Sa fabrication en alliage d'aluminium haute technologie est synonyme de robustesse, sans ajout de poids.",??????????????????????????????????????????????????????????????????,????????? ??????? ?????? ??????? ??? ?????. ??? ?? ????? ??? ??????? ?????? ???? ????? ?????? ???????. ???? ?? ?????? ?????? ?? ?????? ??????? ??????? ??? ???? ????? ?????????. ???? ?????? ????? ?????????? ????? ??????? ??? ????? ??? ??? ?????.,????? ??????? ?????. ????? ?????? ???? ?????? ????????. ???? ??? ?? ?????? ??????? ????? ?????? ?? ?? ????????. ???? ?????? ????????? ???? ??? ???? ?????? ??? ????? ????.,???????????????????????????????  ?????????????????????????????????????????????????  ??????????????? ?????????????????????  ????????????????????????????????????????????? ???????????????????????????,Fahren Sie mit Stil und Komfort. Design für maximalen Komfort und maximale Sicherheit. Viele Gänge für jede Steigung. Der hochwertige Rahmen aus Aluminiumlegierung ist robust und leicht.,?????????????????????????????????????????? ?????????????????????? ????????????????????????????????????,"""Tarz ve konforlu yolculuk. Maksimum konfor ve güvenlik için tasarland?. Tüm tepelere ç?kacak kadar çok vitesli. Yüksek teknoloji alüminyum ala??m? yap?s?, dayan?kl?l?k sa?larken hafiflikten de taviz vermiyor.""",01-07-2013,,Current
563,2384.07,BK-T79Y-54,3,LB ,CM ,"Touring-1000 Yellow, 54","Paseo: 1000, amarilla, 54","Vélo de randonnée 1000 jaune, 54",1481.9379,TRUE,Yellow,100,75,2384.07,54,54-58 CM,26,4,T ,1430.442,H ,U ,Touring-1000,Travel in style and comfort. Designed for maximum comfort and safety. Wide gear range takes on all hills. High-tech aluminum alloy construction provides durability without added weight.,"Voyagez confortablement et avec élégance. Confort et sécurité maximum. Large éventail de vitesses pour gravir toutes les côtes. Sa fabrication en alliage d'aluminium haute technologie est synonyme de robustesse, sans ajout de poids.",??????????????????????????????????????????????????????????????????,????????? ??????? ?????? ??????? ??? ?????. ??? ?? ????? ??? ??????? ?????? ???? ????? ?????? ???????. ???? ?? ?????? ?????? ?? ?????? ??????? ??????? ??? ???? ????? ?????????. ???? ?????? ????? ?????????? ????? ??????? ??? ????? ??? ??? ?????.,????? ??????? ?????. ????? ?????? ???? ?????? ????????. ???? ??? ?? ?????? ??????? ????? ?????? ?? ?? ????????. ???? ?????? ????????? ???? ??? ???? ?????? ??? ????? ????.,???????????????????????????????  ?????????????????????????????????????????????????  ??????????????? ?????????????????????  ????????????????????????????????????????????? ???????????????????????????,Fahren Sie mit Stil und Komfort. Design für maximalen Komfort und maximale Sicherheit. Viele Gänge für jede Steigung. Der hochwertige Rahmen aus Aluminiumlegierung ist robust und leicht.,?????????????????????????????????????????? ?????????????????????? ????????????????????????????????????,"""Tarz ve konforlu yolculuk. Maksimum konfor ve güvenlik için tasarland?. Tüm tepelere ç?kacak kadar çok vitesli. Yüksek teknoloji alüminyum ala??m? yap?s?, dayan?kl?l?k sa?larken hafiflikten de taviz vermiyor.""",01-07-2013,,Current
564,2384.07,BK-T79Y-60,3,LB ,CM ,"Touring-1000 Yellow, 60","Paseo: 1000, amarilla, 60","Vélo de randonnée 1000 jaune, 60",1481.9379,TRUE,Yellow,100,75,2384.07,60,60-62 CM,26,4,T ,1430.442,H ,U ,Touring-1000,Travel in style and comfort. Designed for maximum comfort and safety. Wide gear range takes on all hills. High-tech aluminum alloy construction provides durability without added weight.,"Voyagez confortablement et avec élégance. Confort et sécurité maximum. Large éventail de vitesses pour gravir toutes les côtes. Sa fabrication en alliage d'aluminium haute technologie est synonyme de robustesse, sans ajout de poids.",??????????????????????????????????????????????????????????????????,????????? ??????? ?????? ??????? ??? ?????. ??? ?? ????? ??? ??????? ?????? ???? ????? ?????? ???????. ???? ?? ?????? ?????? ?? ?????? ??????? ??????? ??? ???? ????? ?????????. ???? ?????? ????? ?????????? ????? ??????? ??? ????? ??? ??? ?????.,????? ??????? ?????. ????? ?????? ???? ?????? ????????. ???? ??? ?? ?????? ??????? ????? ?????? ?? ?? ????????. ???? ?????? ????????? ???? ??? ???? ?????? ??? ????? ????.,???????????????????????????????  ?????????????????????????????????????????????????  ??????????????? ?????????????????????  ????????????????????????????????????????????? ???????????????????????????,Fahren Sie mit Stil und Komfort. Design für maximalen Komfort und maximale Sicherheit. Viele Gänge für jede Steigung. Der hochwertige Rahmen aus Aluminiumlegierung ist robust und leicht.,?????????????????????????????????????????? ?????????????????????? ????????????????????????????????????,"""Tarz ve konforlu yolculuk. Maksimum konfor ve güvenlik için tasarland?. Tüm tepelere ç?kacak kadar çok vitesli. Yüksek teknoloji alüminyum ala??m? yap?s?, dayan?kl?l?k sa?larken hafiflikten de taviz vermiyor.""",01-07-2013,,Current
565,742.35,BK-T18U-54,3,LB ,CM ,"Touring-3000 Blue, 54","Paseo: 3000, azul, 54","Vélo de randonnée 3000 bleu, 54",461.4448,TRUE,Blue,100,75,742.35,54,54-58 CM,30,4,T ,445.41,L ,U ,Touring-3000,"All-occasion value bike with our basic comfort and safety features. Offers wider, more stable tires for a ride around town or weekend trip.","Vélo de qualité pour tous usages, doté d'un bon niveau de confort et de sécurité. Présente des pneus plus larges et plus stables pour les sorties en ville ou les randonnées du week-end.",???????????????????????????????????????????????,???? ????? ????? ???? ????? ????????? ??? ????? ??? ????? ?????? ??????? ???????? ?? ????????. ??? ????? ??????? ???? ????? ??????? ?? ????? ??? ????? ??????? ?? ????? ?????? ?? ????? ????? ??????? ?????????.,????? ????? ??? ???? ?? ?????? ?????? ???????? ???????? ????. ?????? ?????? ????? ??????? ???? ?????? ????? ???? ?? ?????? ???????.,????????????????????????? ??????????????????????????????????  ?????????????? ????????????????????????????????????????????????????????????,"""Ein günstiges Allzweckfahrrad mit Basiskomfort und -sicherheit. Die breiten, stabilen Reifen sind ideal für die Stadt und Wochenendausflüge.""",????????????????????????????????????????????????????????????????,Temel konfor ve güvenlik özellikleriyle her yerde kullanabilece?iniz de?erli bir bisiklet. ?ehirde sürü? veya hafta sonu yolculuklar? için daha geni? ve sa?lam tekerlekler.,01-07-2013,,Current
566,742.35,BK-T18U-58,3,LB ,CM ,"Touring-3000 Blue, 58","Paseo: 3000, azul, 58","Vélo de randonnée 3000 bleu, 58",461.4448,TRUE,Blue,100,75,742.35,58,54-58 CM,30,4,T ,445.41,L ,U ,Touring-3000,"All-occasion value bike with our basic comfort and safety features. Offers wider, more stable tires for a ride around town or weekend trip.","Vélo de qualité pour tous usages, doté d'un bon niveau de confort et de sécurité. Présente des pneus plus larges et plus stables pour les sorties en ville ou les randonnées du week-end.",???????????????????????????????????????????????,???? ????? ????? ???? ????? ????????? ??? ????? ??? ????? ?????? ??????? ???????? ?? ????????. ??? ????? ??????? ???? ????? ??????? ?? ????? ??? ????? ??????? ?? ????? ?????? ?? ????? ????? ??????? ?????????.,????? ????? ??? ???? ?? ?????? ?????? ???????? ???????? ????. ?????? ?????? ????? ??????? ???? ?????? ????? ???? ?? ?????? ???????.,????????????????????????? ??????????????????????????????????  ?????????????? ????????????????????????????????????????????????????????????,"""Ein günstiges Allzweckfahrrad mit Basiskomfort und -sicherheit. Die breiten, stabilen Reifen sind ideal für die Stadt und Wochenendausflüge.""",????????????????????????????????????????????????????????????????,Temel konfor ve güvenlik özellikleriyle her yerde kullanabilece?iniz de?erli bir bisiklet. ?ehirde sürü? veya hafta sonu yolculuklar? için daha geni? ve sa?lam tekerlekler.,01-07-2013,,Current
567,742.35,BK-T18U-62,3,LB ,CM ,"Touring-3000 Blue, 62","Paseo: 3000, azul, 62","Vélo de randonnée 3000 bleu, 62",461.4448,TRUE,Blue,100,75,742.35,62,60-62 CM,30,4,T ,445.41,L ,U ,Touring-3000,"All-occasion value bike with our basic comfort and safety features. Offers wider, more stable tires for a ride around town or weekend trip.","Vélo de qualité pour tous usages, doté d'un bon niveau de confort et de sécurité. Présente des pneus plus larges et plus stables pour les sorties en ville ou les randonnées du week-end.",???????????????????????????????????????????????,???? ????? ????? ???? ????? ????????? ??? ????? ??? ????? ?????? ??????? ???????? ?? ????????. ??? ????? ??????? ???? ????? ??????? ?? ????? ??? ????? ??????? ?? ????? ?????? ?? ????? ????? ??????? ?????????.,????? ????? ??? ???? ?? ?????? ?????? ???????? ???????? ????. ?????? ?????? ????? ??????? ???? ?????? ????? ???? ?? ?????? ???????.,????????????????????????? ??????????????????????????????????  ?????????????? ????????????????????????????????????????????????????????????,"""Ein günstiges Allzweckfahrrad mit Basiskomfort und -sicherheit. Die breiten, stabilen Reifen sind ideal für die Stadt und Wochenendausflüge.""",????????????????????????????????????????????????????????????????,Temel konfor ve güvenlik özellikleriyle her yerde kullanabilece?iniz de?erli bir bisiklet. ?ehirde sürü? veya hafta sonu yolculuklar? için daha geni? ve sa?lam tekerlekler.,01-07-2013,,Current
568,742.35,BK-T18Y-44,3,LB ,CM ,"Touring-3000 Yellow, 44","Paseo: 3000, amarilla, 44","Vélo de randonnée 3000 jaune, 44",461.4448,TRUE,Yellow,100,75,742.35,44,42-46 CM,29,4,T ,445.41,L ,U ,Touring-3000,"All-occasion value bike with our basic comfort and safety features. Offers wider, more stable tires for a ride around town or weekend trip.","Vélo de qualité pour tous usages, doté d'un bon niveau de confort et de sécurité. Présente des pneus plus larges et plus stables pour les sorties en ville ou les randonnées du week-end.",???????????????????????????????????????????????,???? ????? ????? ???? ????? ????????? ??? ????? ??? ????? ?????? ??????? ???????? ?? ????????. ??? ????? ??????? ???? ????? ??????? ?? ????? ??? ????? ??????? ?? ????? ?????? ?? ????? ????? ??????? ?????????.,????? ????? ??? ???? ?? ?????? ?????? ???????? ???????? ????. ?????? ?????? ????? ??????? ???? ?????? ????? ???? ?? ?????? ???????.,????????????????????????? ??????????????????????????????????  ?????????????? ????????????????????????????????????????????????????????????,"""Ein günstiges Allzweckfahrrad mit Basiskomfort und -sicherheit. Die breiten, stabilen Reifen sind ideal für die Stadt und Wochenendausflüge.""",????????????????????????????????????????????????????????????????,Temel konfor ve güvenlik özellikleriyle her yerde kullanabilece?iniz de?erli bir bisiklet. ?ehirde sürü? veya hafta sonu yolculuklar? için daha geni? ve sa?lam tekerlekler.,01-07-2013,,Current
569,742.35,BK-T18Y-50,3,LB ,CM ,"Touring-3000 Yellow, 50","Paseo: 3000, amarilla, 50","Vélo de randonnée 3000 jaune, 50",461.4448,TRUE,Yellow,100,75,742.35,50,48-52 CM,29,4,T ,445.41,L ,U ,Touring-3000,"All-occasion value bike with our basic comfort and safety features. Offers wider, more stable tires for a ride around town or weekend trip.","Vélo de qualité pour tous usages, doté d'un bon niveau de confort et de sécurité. Présente des pneus plus larges et plus stables pour les sorties en ville ou les randonnées du week-end.",???????????????????????????????????????????????,???? ????? ????? ???? ????? ????????? ??? ????? ??? ????? ?????? ??????? ???????? ?? ????????. ??? ????? ??????? ???? ????? ??????? ?? ????? ??? ????? ??????? ?? ????? ?????? ?? ????? ????? ??????? ?????????.,????? ????? ??? ???? ?? ?????? ?????? ???????? ???????? ????. ?????? ?????? ????? ??????? ???? ?????? ????? ???? ?? ?????? ???????.,????????????????????????? ??????????????????????????????????  ?????????????? ????????????????????????????????????????????????????????????,"""Ein günstiges Allzweckfahrrad mit Basiskomfort und -sicherheit. Die breiten, stabilen Reifen sind ideal für die Stadt und Wochenendausflüge.""",????????????????????????????????????????????????????????????????,Temel konfor ve güvenlik özellikleriyle her yerde kullanabilece?iniz de?erli bir bisiklet. ?ehirde sürü? veya hafta sonu yolculuklar? için daha geni? ve sa?lam tekerlekler.,01-07-2013,,Current
570,742.35,BK-T18Y-54,3,LB ,CM ,"Touring-3000 Yellow, 54","Paseo: 3000, amarilla, 54","Vélo de randonnée 3000 jaune, 54",461.4448,TRUE,Yellow,100,75,742.35,54,54-58 CM,29,4,T ,445.41,L ,U ,Touring-3000,"All-occasion value bike with our basic comfort and safety features. Offers wider, more stable tires for a ride around town or weekend trip.","Vélo de qualité pour tous usages, doté d'un bon niveau de confort et de sécurité. Présente des pneus plus larges et plus stables pour les sorties en ville ou les randonnées du week-end.",???????????????????????????????????????????????,???? ????? ????? ???? ????? ????????? ??? ????? ??? ????? ?????? ??????? ???????? ?? ????????. ??? ????? ??????? ???? ????? ??????? ?? ????? ??? ????? ??????? ?? ????? ?????? ?? ????? ????? ??????? ?????????.,????? ????? ??? ???? ?? ?????? ?????? ???????? ???????? ????. ?????? ?????? ????? ??????? ???? ?????? ????? ???? ?? ?????? ???????.,????????????????????????? ??????????????????????????????????  ?????????????? ????????????????????????????????????????????????????????????,"""Ein günstiges Allzweckfahrrad mit Basiskomfort und -sicherheit. Die breiten, stabilen Reifen sind ideal für die Stadt und Wochenendausflüge.""",????????????????????????????????????????????????????????????????,Temel konfor ve güvenlik özellikleriyle her yerde kullanabilece?iniz de?erli bir bisiklet. ?ehirde sürü? veya hafta sonu yolculuklar? için daha geni? ve sa?lam tekerlekler.,01-07-2013,,Current
571,742.35,BK-T18Y-58,3,LB ,CM ,"Touring-3000 Yellow, 58","Paseo: 3000, amarilla, 58","Vélo de randonnée 3000 jaune, 58",461.4448,TRUE,Yellow,100,75,742.35,58,54-58 CM,30,4,T ,445.41,L ,U ,Touring-3000,"All-occasion value bike with our basic comfort and safety features. Offers wider, more stable tires for a ride around town or weekend trip.","Vélo de qualité pour tous usages, doté d'un bon niveau de confort et de sécurité. Présente des pneus plus larges et plus stables pour les sorties en ville ou les randonnées du week-end.",???????????????????????????????????????????????,???? ????? ????? ???? ????? ????????? ??? ????? ??? ????? ?????? ??????? ???????? ?? ????????. ??? ????? ??????? ???? ????? ??????? ?? ????? ??? ????? ??????? ?? ????? ?????? ?? ????? ????? ??????? ?????????.,????? ????? ??? ???? ?? ?????? ?????? ???????? ???????? ????. ?????? ?????? ????? ??????? ???? ?????? ????? ???? ?? ?????? ???????.,????????????????????????? ??????????????????????????????????  ?????????????? ????????????????????????????????????????????????????????????,"""Ein günstiges Allzweckfahrrad mit Basiskomfort und -sicherheit. Die breiten, stabilen Reifen sind ideal für die Stadt und Wochenendausflüge.""",????????????????????????????????????????????????????????????????,Temel konfor ve güvenlik özellikleriyle her yerde kullanabilece?iniz de?erli bir bisiklet. ?ehirde sürü? veya hafta sonu yolculuklar? için daha geni? ve sa?lam tekerlekler.,01-07-2013,,Current
572,742.35,BK-T18Y-62,3,LB ,CM ,"Touring-3000 Yellow, 62","Paseo: 3000, amarilla, 62","Vélo de randonnée 3000 jaune, 62",461.4448,TRUE,Yellow,100,75,742.35,62,60-62 CM,30,4,T ,445.41,L ,U ,Touring-3000,"All-occasion value bike with our basic comfort and safety features. Offers wider, more stable tires for a ride around town or weekend trip.","Vélo de qualité pour tous usages, doté d'un bon niveau de confort et de sécurité. Présente des pneus plus larges et plus stables pour les sorties en ville ou les randonnées du week-end.",???????????????????????????????????????????????,???? ????? ????? ???? ????? ????????? ??? ????? ??? ????? ?????? ??????? ???????? ?? ????????. ??? ????? ??????? ???? ????? ??????? ?? ????? ??? ????? ??????? ?? ????? ?????? ?? ????? ????? ??????? ?????????.,????? ????? ??? ???? ?? ?????? ?????? ???????? ???????? ????. ?????? ?????? ????? ??????? ???? ?????? ????? ???? ?? ?????? ???????.,????????????????????????? ??????????????????????????????????  ?????????????? ????????????????????????????????????????????????????????????,"""Ein günstiges Allzweckfahrrad mit Basiskomfort und -sicherheit. Die breiten, stabilen Reifen sind ideal für die Stadt und Wochenendausflüge.""",????????????????????????????????????????????????????????????????,Temel konfor ve güvenlik özellikleriyle her yerde kullanabilece?iniz de?erli bir bisiklet. ?ehirde sürü? veya hafta sonu yolculuklar? için daha geni? ve sa?lam tekerlekler.,01-07-2013,,Current
573,2384.07,BK-T79U-46,3,LB ,CM ,"Touring-1000 Blue, 46","Paseo: 1000, azul, 46","Vélo de randonnée 1000 bleu, 46",1481.9379,TRUE,Blue,100,75,2384.07,46,42-46 CM,25,4,T ,1430.442,H ,U ,Touring-1000,Travel in style and comfort. Designed for maximum comfort and safety. Wide gear range takes on all hills. High-tech aluminum alloy construction provides durability without added weight.,"Voyagez confortablement et avec élégance. Confort et sécurité maximum. Large éventail de vitesses pour gravir toutes les côtes. Sa fabrication en alliage d'aluminium haute technologie est synonyme de robustesse, sans ajout de poids.",??????????????????????????????????????????????????????????????????,????????? ??????? ?????? ??????? ??? ?????. ??? ?? ????? ??? ??????? ?????? ???? ????? ?????? ???????. ???? ?? ?????? ?????? ?? ?????? ??????? ??????? ??? ???? ????? ?????????. ???? ?????? ????? ?????????? ????? ??????? ??? ????? ??? ??? ?????.,????? ??????? ?????. ????? ?????? ???? ?????? ????????. ???? ??? ?? ?????? ??????? ????? ?????? ?? ?? ????????. ???? ?????? ????????? ???? ??? ???? ?????? ??? ????? ????.,???????????????????????????????  ?????????????????????????????????????????????????  ??????????????? ?????????????????????  ????????????????????????????????????????????? ???????????????????????????,Fahren Sie mit Stil und Komfort. Design für maximalen Komfort und maximale Sicherheit. Viele Gänge für jede Steigung. Der hochwertige Rahmen aus Aluminiumlegierung ist robust und leicht.,?????????????????????????????????????????? ?????????????????????? ????????????????????????????????????,"""Tarz ve konforlu yolculuk. Maksimum konfor ve güvenlik için tasarland?. Tüm tepelere ç?kacak kadar çok vitesli. Yüksek teknoloji alüminyum ala??m? yap?s?, dayan?kl?l?k sa?larken hafiflikten de taviz vermiyor.""",01-07-2013,,Current
574,2384.07,BK-T79U-50,3,LB ,CM ,"Touring-1000 Blue, 50","Paseo: 1000, azul, 50","Vélo de randonnée 1000 bleu, 50",1481.9379,TRUE,Blue,100,75,2384.07,50,48-52 CM,25,4,T ,1430.442,H ,U ,Touring-1000,Travel in style and comfort. Designed for maximum comfort and safety. Wide gear range takes on all hills. High-tech aluminum alloy construction provides durability without added weight.,"Voyagez confortablement et avec élégance. Confort et sécurité maximum. Large éventail de vitesses pour gravir toutes les côtes. Sa fabrication en alliage d'aluminium haute technologie est synonyme de robustesse, sans ajout de poids.",??????????????????????????????????????????????????????????????????,????????? ??????? ?????? ??????? ??? ?????. ??? ?? ????? ??? ??????? ?????? ???? ????? ?????? ???????. ???? ?? ?????? ?????? ?? ?????? ??????? ??????? ??? ???? ????? ?????????. ???? ?????? ????? ?????????? ????? ??????? ??? ????? ??? ??? ?????.,????? ??????? ?????. ????? ?????? ???? ?????? ????????. ???? ??? ?? ?????? ??????? ????? ?????? ?? ?? ????????. ???? ?????? ????????? ???? ??? ???? ?????? ??? ????? ????.,???????????????????????????????  ?????????????????????????????????????????????????  ??????????????? ?????????????????????  ????????????????????????????????????????????? ???????????????????????????,Fahren Sie mit Stil und Komfort. Design für maximalen Komfort und maximale Sicherheit. Viele Gänge für jede Steigung. Der hochwertige Rahmen aus Aluminiumlegierung ist robust und leicht.,?????????????????????????????????????????? ?????????????????????? ????????????????????????????????????,"""Tarz ve konforlu yolculuk. Maksimum konfor ve güvenlik için tasarland?. Tüm tepelere ç?kacak kadar çok vitesli. Yüksek teknoloji alüminyum ala??m? yap?s?, dayan?kl?l?k sa?larken hafiflikten de taviz vermiyor.""",01-07-2013,,Current
575,2384.07,BK-T79U-54,3,LB ,CM ,"Touring-1000 Blue, 54","Paseo: 1000, azul, 54","Vélo de randonnée 1000 bleu, 54",1481.9379,TRUE,Blue,100,75,2384.07,54,54-58 CM,26,4,T ,1430.442,H ,U ,Touring-1000,Travel in style and comfort. Designed for maximum comfort and safety. Wide gear range takes on all hills. High-tech aluminum alloy construction provides durability without added weight.,"Voyagez confortablement et avec élégance. Confort et sécurité maximum. Large éventail de vitesses pour gravir toutes les côtes. Sa fabrication en alliage d'aluminium haute technologie est synonyme de robustesse, sans ajout de poids.",??????????????????????????????????????????????????????????????????,????????? ??????? ?????? ??????? ??? ?????. ??? ?? ????? ??? ??????? ?????? ???? ????? ?????? ???????. ???? ?? ?????? ?????? ?? ?????? ??????? ??????? ??? ???? ????? ?????????. ???? ?????? ????? ?????????? ????? ??????? ??? ????? ??? ??? ?????.,????? ??????? ?????. ????? ?????? ???? ?????? ????????. ???? ??? ?? ?????? ??????? ????? ?????? ?? ?? ????????. ???? ?????? ????????? ???? ??? ???? ?????? ??? ????? ????.,???????????????????????????????  ?????????????????????????????????????????????????  ??????????????? ?????????????????????  ????????????????????????????????????????????? ???????????????????????????,Fahren Sie mit Stil und Komfort. Design für maximalen Komfort und maximale Sicherheit. Viele Gänge für jede Steigung. Der hochwertige Rahmen aus Aluminiumlegierung ist robust und leicht.,?????????????????????????????????????????? ?????????????????????? ????????????????????????????????????,"""Tarz ve konforlu yolculuk. Maksimum konfor ve güvenlik için tasarland?. Tüm tepelere ç?kacak kadar çok vitesli. Yüksek teknoloji alüminyum ala??m? yap?s?, dayan?kl?l?k sa?larken hafiflikten de taviz vermiyor.""",01-07-2013,,Current
576,2384.07,BK-T79U-60,3,LB ,CM ,"Touring-1000 Blue, 60","Paseo: 1000, azul, 60","Vélo de randonnée 1000 bleu, 60",1481.9379,TRUE,Blue,100,75,2384.07,60,60-62 CM,26,4,T ,1430.442,H ,U ,Touring-1000,Travel in style and comfort. Designed for maximum comfort and safety. Wide gear range takes on all hills. High-tech aluminum alloy construction provides durability without added weight.,"Voyagez confortablement et avec élégance. Confort et sécurité maximum. Large éventail de vitesses pour gravir toutes les côtes. Sa fabrication en alliage d'aluminium haute technologie est synonyme de robustesse, sans ajout de poids.",??????????????????????????????????????????????????????????????????,????????? ??????? ?????? ??????? ??? ?????. ??? ?? ????? ??? ??????? ?????? ???? ????? ?????? ???????. ???? ?? ?????? ?????? ?? ?????? ??????? ??????? ??? ???? ????? ?????????. ???? ?????? ????? ?????????? ????? ??????? ??? ????? ??? ??? ?????.,????? ??????? ?????. ????? ?????? ???? ?????? ????????. ???? ??? ?? ?????? ??????? ????? ?????? ?? ?? ????????. ???? ?????? ????????? ???? ??? ???? ?????? ??? ????? ????.,???????????????????????????????  ?????????????????????????????????????????????????  ??????????????? ?????????????????????  ????????????????????????????????????????????? ???????????????????????????,Fahren Sie mit Stil und Komfort. Design für maximalen Komfort und maximale Sicherheit. Viele Gänge für jede Steigung. Der hochwertige Rahmen aus Aluminiumlegierung ist robust und leicht.,?????????????????????????????????????????? ?????????????????????? ????????????????????????????????????,"""Tarz ve konforlu yolculuk. Maksimum konfor ve güvenlik için tasarland?. Tüm tepelere ç?kacak kadar çok vitesli. Yüksek teknoloji alüminyum ala??m? yap?s?, dayan?kl?l?k sa?larken hafiflikten de taviz vermiyor.""",01-07-2013,,Current
577,1214.85,BK-T44U-46,3,LB ,CM ,"Touring-2000 Blue, 46","Paseo: 2000, azul, 46","Vélo de randonnée 2000 bleu, 46",755.1508,TRUE,Blue,100,75,1214.85,46,42-46 CM,27,4,T ,728.91,M ,U ,Touring-2000,"The plush custom saddle keeps you riding all day,  and there's plenty of space to add panniers and bike bags to the newly-redesigned carrier.  This bike has stability when fully-loaded.",La selle rembourrée offre un confort optimal. Le porte-bagages nouvellement remanié offre diverses possibilités d'ajout de paniers ou de sacoches. Ce vélo reste parfaitement stable une fois chargé.,????????????????????????????????????????????????????????????,?? ???? ??????? ?????? ??????? ?? ???? ????? ????? ?? ??? ????? ?? ??????? ???? ?????? ??? ???? ?? ???? ??????? ??????? ??????? ????? ????? ?????? ???? ?? ??? ????? ??? ???????. ?????? ??? ??????? ???????? ??? ??? ??????? ???????.,????? ?????? ??????? ????? ????? ????? ????? ???? ???? ????? ???? ?? ?????? ???? ???? ????? ??????? ????? ????? ????. ??????? ??? ?????? ?? ?????? ?? ????? ???.,?????????????????????????????????????????????????? ???????????????? ???????????????????????????????????????? ????????????????? ???????????????,"""Der Polstersattel bietet Fahrkomfort für den ganzen Tag, und der Gepäckträger mit neuem Design bietet viel Platz für Fahrradtaschen und Körbe. Dieses Fahrrad behält seine Stabilität auch im voll beladenen Zustand.""",????? ???? ???? 1 ???????????????????????????????? ?????????????????????????????????????????,"""Özel yap?m konforlu sele ile tüm gün bisiklet sürebilirsiniz, ayr?ca k?sa süre önce yeniden tasarlanan ta??y?c?da sepet ve bisiklet çantas? eklenebilecek bol yer vard?r.  Bu bisiklet tam olarak yüklendi?inde dengelidir.""",01-07-2013,,Current
578,1214.85,BK-T44U-50,3,LB ,CM ,"Touring-2000 Blue, 50","Paseo: 2000, azul, 50","Vélo de randonnée 2000 bleu, 50",755.1508,TRUE,Blue,100,75,1214.85,50,48-52 CM,27,4,T ,728.91,M ,U ,Touring-2000,"The plush custom saddle keeps you riding all day,  and there's plenty of space to add panniers and bike bags to the newly-redesigned carrier.  This bike has stability when fully-loaded.",La selle rembourrée offre un confort optimal. Le porte-bagages nouvellement remanié offre diverses possibilités d'ajout de paniers ou de sacoches. Ce vélo reste parfaitement stable une fois chargé.,????????????????????????????????????????????????????????????,?? ???? ??????? ?????? ??????? ?? ???? ????? ????? ?? ??? ????? ?? ??????? ???? ?????? ??? ???? ?? ???? ??????? ??????? ??????? ????? ????? ?????? ???? ?? ??? ????? ??? ???????. ?????? ??? ??????? ???????? ??? ??? ??????? ???????.,????? ?????? ??????? ????? ????? ????? ????? ???? ???? ????? ???? ?? ?????? ???? ???? ????? ??????? ????? ????? ????. ??????? ??? ?????? ?? ?????? ?? ????? ???.,?????????????????????????????????????????????????? ???????????????? ???????????????????????????????????????? ????????????????? ???????????????,"""Der Polstersattel bietet Fahrkomfort für den ganzen Tag, und der Gepäckträger mit neuem Design bietet viel Platz für Fahrradtaschen und Körbe. Dieses Fahrrad behält seine Stabilität auch im voll beladenen Zustand.""",????? ???? ???? 1 ???????????????????????????????? ?????????????????????????????????????????,"""Özel yap?m konforlu sele ile tüm gün bisiklet sürebilirsiniz, ayr?ca k?sa süre önce yeniden tasarlanan ta??y?c?da sepet ve bisiklet çantas? eklenebilecek bol yer vard?r.  Bu bisiklet tam olarak yüklendi?inde dengelidir.""",01-07-2013,,Current
579,1214.85,BK-T44U-54,3,LB ,CM ,"Touring-2000 Blue, 54","Paseo: 2000, azul, 54","Vélo de randonnée 2000 bleu, 54",755.1508,TRUE,Blue,100,75,1214.85,54,54-58 CM,28,4,T ,728.91,M ,U ,Touring-2000,"The plush custom saddle keeps you riding all day,  and there's plenty of space to add panniers and bike bags to the newly-redesigned carrier.  This bike has stability when fully-loaded.",La selle rembourrée offre un confort optimal. Le porte-bagages nouvellement remanié offre diverses possibilités d'ajout de paniers ou de sacoches. Ce vélo reste parfaitement stable une fois chargé.,????????????????????????????????????????????????????????????,?? ???? ??????? ?????? ??????? ?? ???? ????? ????? ?? ??? ????? ?? ??????? ???? ?????? ??? ???? ?? ???? ??????? ??????? ??????? ????? ????? ?????? ???? ?? ??? ????? ??? ???????. ?????? ??? ??????? ???????? ??? ??? ??????? ???????.,????? ?????? ??????? ????? ????? ????? ????? ???? ???? ????? ???? ?? ?????? ???? ???? ????? ??????? ????? ????? ????. ??????? ??? ?????? ?? ?????? ?? ????? ???.,?????????????????????????????????????????????????? ???????????????? ???????????????????????????????????????? ????????????????? ???????????????,"""Der Polstersattel bietet Fahrkomfort für den ganzen Tag, und der Gepäckträger mit neuem Design bietet viel Platz für Fahrradtaschen und Körbe. Dieses Fahrrad behält seine Stabilität auch im voll beladenen Zustand.""",????? ???? ???? 1 ???????????????????????????????? ?????????????????????????????????????????,"""Özel yap?m konforlu sele ile tüm gün bisiklet sürebilirsiniz, ayr?ca k?sa süre önce yeniden tasarlanan ta??y?c?da sepet ve bisiklet çantas? eklenebilecek bol yer vard?r.  Bu bisiklet tam olarak yüklendi?inde dengelidir.""",01-07-2013,,Current
580,1700.99,BK-R79Y-40,2,LB ,CM ,"Road-350-W Yellow, 40","Carretera: 350 para mujer, amarilla, 40","Vélo de route 350 -W - jaune, 40",1082.51,TRUE,Yellow,100,75,1700.99,40,38-40 CM,15,4,R ,1020.594,M ,W ,Road-350-W,"Cross-train, race, or just socialize on a sleek, aerodynamic bike designed for a woman.  Advanced seat technology provides comfort all day.","Tout terrain, course ou promenade entre amis sur un vélo aérodynamique et léger (cadre femmes). Bénéficie d'un systčme de selle perfectionné qui offre un confort optimal.",?????????????????????????????????????????????????????????????????,?????? ???????? ??? ??????? ??????? ???? ????? ?????? ??????????? ???????? ???????? ?????? ?????? ??? ?????? ?????? ?? ??????? ?? ???? ???????? ?? ???? ???????. ????? ??? ????? ??????? ???????? ?????? ???? ?????.,"????? ?????, ????? ?? ??? ????? ????? ?? ??????? ???? ????? ????? ???????????? ?????. ????????? ?????? ?? ????? ????? ????? ????? ?? ????.",???????? ??????? ???????????????????????????????????????????????? ????????????????????????????????????????  ????????????????????????????????????????????????????????????????????,"""Ein schlankes, aerodynamisches Fahrrad für die Frau für Crosstraining, Touren und Stadt. Komfort den ganzen Tag durch ergonomischen Sattel.""",???????????????????????????? ???????????????????????????????????? 1 ????????????,"""Kad?nlar için tasarlanan bu ??k ve aerodinamik bisikletle kros yap?n, yar???n veya yaln?zca sosyalle?in.  Geli?mi? sele teknolojisi tüm gün konfor sa?lar.""",01-07-2013,,Current
581,1700.99,BK-R79Y-42,2,LB ,CM ,"Road-350-W Yellow, 42","Carretera: 350 para mujer, amarilla, 42","Vélo de route 350 -W - jaune, 42",1082.51,TRUE,Yellow,100,75,1700.99,42,42-46 CM,16,4,R ,1020.594,M ,W ,Road-350-W,"Cross-train, race, or just socialize on a sleek, aerodynamic bike designed for a woman.  Advanced seat technology provides comfort all day.","Tout terrain, course ou promenade entre amis sur un vélo aérodynamique et léger (cadre femmes). Bénéficie d'un systčme de selle perfectionné qui offre un confort optimal.",?????????????????????????????????????????????????????????????????,?????? ???????? ??? ??????? ??????? ???? ????? ?????? ??????????? ???????? ???????? ?????? ?????? ??? ?????? ?????? ?? ??????? ?? ???? ???????? ?? ???? ???????. ????? ??? ????? ??????? ???????? ?????? ???? ?????.,"????? ?????, ????? ?? ??? ????? ????? ?? ??????? ???? ????? ????? ???????????? ?????. ????????? ?????? ?? ????? ????? ????? ????? ?? ????.",???????? ??????? ???????????????????????????????????????????????? ????????????????????????????????????????  ????????????????????????????????????????????????????????????????????,"""Ein schlankes, aerodynamisches Fahrrad für die Frau für Crosstraining, Touren und Stadt. Komfort den ganzen Tag durch ergonomischen Sattel.""",???????????????????????????? ???????????????????????????????????? 1 ????????????,"""Kad?nlar için tasarlanan bu ??k ve aerodinamik bisikletle kros yap?n, yar???n veya yaln?zca sosyalle?in.  Geli?mi? sele teknolojisi tüm gün konfor sa?lar.""",01-07-2013,,Current
582,1700.99,BK-R79Y-44,2,LB ,CM ,"Road-350-W Yellow, 44","Carretera: 350 para mujer, amarilla, 44","Vélo de route 350 -W - jaune, 44",1082.51,TRUE,Yellow,100,75,1700.99,44,42-46 CM,16,4,R ,1020.594,M ,W ,Road-350-W,"Cross-train, race, or just socialize on a sleek, aerodynamic bike designed for a woman.  Advanced seat technology provides comfort all day.","Tout terrain, course ou promenade entre amis sur un vélo aérodynamique et léger (cadre femmes). Bénéficie d'un systčme de selle perfectionné qui offre un confort optimal.",?????????????????????????????????????????????????????????????????,?????? ???????? ??? ??????? ??????? ???? ????? ?????? ??????????? ???????? ???????? ?????? ?????? ??? ?????? ?????? ?? ??????? ?? ???? ???????? ?? ???? ???????. ????? ??? ????? ??????? ???????? ?????? ???? ?????.,"????? ?????, ????? ?? ??? ????? ????? ?? ??????? ???? ????? ????? ???????????? ?????. ????????? ?????? ?? ????? ????? ????? ????? ?? ????.",???????? ??????? ???????????????????????????????????????????????? ????????????????????????????????????????  ????????????????????????????????????????????????????????????????????,"""Ein schlankes, aerodynamisches Fahrrad für die Frau für Crosstraining, Touren und Stadt. Komfort den ganzen Tag durch ergonomischen Sattel.""",???????????????????????????? ???????????????????????????????????? 1 ????????????,"""Kad?nlar için tasarlanan bu ??k ve aerodinamik bisikletle kros yap?n, yar???n veya yaln?zca sosyalle?in.  Geli?mi? sele teknolojisi tüm gün konfor sa?lar.""",01-07-2013,,Current
583,1700.99,BK-R79Y-48,2,LB ,CM ,"Road-350-W Yellow, 48","Carretera: 350 para mujer, amarilla, 48","Vélo de route 350 -W - jaune, 48",1082.51,TRUE,Yellow,100,75,1700.99,48,48-52 CM,16,4,R ,1020.594,M ,W ,Road-350-W,"Cross-train, race, or just socialize on a sleek, aerodynamic bike designed for a woman.  Advanced seat technology provides comfort all day.","Tout terrain, course ou promenade entre amis sur un vélo aérodynamique et léger (cadre femmes). Bénéficie d'un systčme de selle perfectionné qui offre un confort optimal.",?????????????????????????????????????????????????????????????????,?????? ???????? ??? ??????? ??????? ???? ????? ?????? ??????????? ???????? ???????? ?????? ?????? ??? ?????? ?????? ?? ??????? ?? ???? ???????? ?? ???? ???????. ????? ??? ????? ??????? ???????? ?????? ???? ?????.,"????? ?????, ????? ?? ??? ????? ????? ?? ??????? ???? ????? ????? ???????????? ?????. ????????? ?????? ?? ????? ????? ????? ????? ?? ????.",???????? ??????? ???????????????????????????????????????????????? ????????????????????????????????????????  ????????????????????????????????????????????????????????????????????,"""Ein schlankes, aerodynamisches Fahrrad für die Frau für Crosstraining, Touren und Stadt. Komfort den ganzen Tag durch ergonomischen Sattel.""",???????????????????????????? ???????????????????????????????????? 1 ????????????,"""Kad?nlar için tasarlanan bu ??k ve aerodinamik bisikletle kros yap?n, yar???n veya yaln?zca sosyalle?in.  Geli?mi? sele teknolojisi tüm gün konfor sa?lar.""",01-07-2013,,Current
584,539.99,BK-R19B-58,2,LB ,CM ,"Road-750 Black, 58","Carretera: 750, negra, 58","Vélo de route 750 noir, 58",343.6496,TRUE,Black,100,75,539.99,58,54-58 CM,21,4,R ,323.994,L ,U ,Road-750,Entry level adult bike; offers a comfortable ride cross-country or down the block. Quick-release hubs and rims.,Vélo d'adulte d'entrée de gamme ; permet une conduite confortable en ville ou sur les chemins de campagne. Moyeux et rayons ŕ blocage rapide.,?????????????????????????????????,???? ????? ?????? ????????? ?? ????????? ??? ???? ????? ????? ????? ??? ????? ?????? ?? ?? ???? ???????. ????? ????? ???????? ????????? ????????? ????? ???????.,"????? ??????? ????????; ?????? ????? ???? ""???? ????"" ?? ????? ?????. ?????? ???????? ?????? ????.",????????????????????????????????? ??????????????????????????????????????????????????????  ???????????????????????,Ein Erwachsenenrad für Einsteiger; bietet Komfort über Land und in der Stadt. Schnellspann-Naben und Felgen.,????? ?????????????????????????????????????????????????????????,"""Ba?lang?ç seviyesinde yeti?kin bisikleti, k?rda veya soka??n?zda konforlu sürü? sunar. Kolay ç?kar?lan göbekler ve jantlar.""",01-07-2013,,Current
585,742.35,BK-T18U-44,3,LB ,CM ,"Touring-3000 Blue, 44","Paseo: 3000, azul, 44","Vélo de randonnée 3000 bleu, 44",461.4448,TRUE,Blue,100,75,742.35,44,42-46 CM,29,4,T ,445.41,L ,U ,Touring-3000,"All-occasion value bike with our basic comfort and safety features. Offers wider, more stable tires for a ride around town or weekend trip.","Vélo de qualité pour tous usages, doté d'un bon niveau de confort et de sécurité. Présente des pneus plus larges et plus stables pour les sorties en ville ou les randonnées du week-end.",???????????????????????????????????????????????,???? ????? ????? ???? ????? ????????? ??? ????? ??? ????? ?????? ??????? ???????? ?? ????????. ??? ????? ??????? ???? ????? ??????? ?? ????? ??? ????? ??????? ?? ????? ?????? ?? ????? ????? ??????? ?????????.,????? ????? ??? ???? ?? ?????? ?????? ???????? ???????? ????. ?????? ?????? ????? ??????? ???? ?????? ????? ???? ?? ?????? ???????.,????????????????????????? ??????????????????????????????????  ?????????????? ????????????????????????????????????????????????????????????,"""Ein günstiges Allzweckfahrrad mit Basiskomfort und -sicherheit. Die breiten, stabilen Reifen sind ideal für die Stadt und Wochenendausflüge.""",????????????????????????????????????????????????????????????????,Temel konfor ve güvenlik özellikleriyle her yerde kullanabilece?iniz de?erli bir bisiklet. ?ehirde sürü? veya hafta sonu yolculuklar? için daha geni? ve sa?lam tekerlekler.,01-07-2013,,Current
586,742.35,BK-T18U-50,3,LB ,CM ,"Touring-3000 Blue, 50","Paseo: 3000, azul, 50","Vélo de randonnée 3000 bleu, 50",461.4448,TRUE,Blue,100,75,742.35,50,48-52 CM,29,4,T ,445.41,L ,U ,Touring-3000,"All-occasion value bike with our basic comfort and safety features. Offers wider, more stable tires for a ride around town or weekend trip.","Vélo de qualité pour tous usages, doté d'un bon niveau de confort et de sécurité. Présente des pneus plus larges et plus stables pour les sorties en ville ou les randonnées du week-end.",???????????????????????????????????????????????,???? ????? ????? ???? ????? ????????? ??? ????? ??? ????? ?????? ??????? ???????? ?? ????????. ??? ????? ??????? ???? ????? ??????? ?? ????? ??? ????? ??????? ?? ????? ?????? ?? ????? ????? ??????? ?????????.,????? ????? ??? ???? ?? ?????? ?????? ???????? ???????? ????. ?????? ?????? ????? ??????? ???? ?????? ????? ???? ?? ?????? ???????.,????????????????????????? ??????????????????????????????????  ?????????????? ????????????????????????????????????????????????????????????,"""Ein günstiges Allzweckfahrrad mit Basiskomfort und -sicherheit. Die breiten, stabilen Reifen sind ideal für die Stadt und Wochenendausflüge.""",????????????????????????????????????????????????????????????????,Temel konfor ve güvenlik özellikleriyle her yerde kullanabilece?iniz de?erli bir bisiklet. ?ehirde sürü? veya hafta sonu yolculuklar? için daha geni? ve sa?lam tekerlekler.,01-07-2013,,Current
587,769.49,BK-M38S-38,1,LB ,CM ,"Mountain-400-W Silver, 38","Montańa: 400 para mujer, plateada, 38","VTT 400 -W argent, 38",419.7784,TRUE,Silver,100,75,769.49,38,38-40 CM,26,4,M ,461.694,M ,W ,Mountain-400-W,"This bike delivers a high-level of performance on a budget. It is responsive and maneuverable, and offers peace-of-mind when you decide to go off-road.","Ce vélo offre un excellent rapport qualité-prix. Vif et facile ŕ manśuvrer, il se conduit en toute tranquillité sur les chemins et les sentiers.",?????????????????????????????????,???? ??? ??????? ????? ?????? ?? ?????? ?? ???? ??????? ?????. ??? ????? ????? ????????? ???????? ?????? ????????? ??? ???????? ??? ????????? ??????? ???? ???? ????? ?? ??????? ??? ????? ??? ???????.,"??????? ??? ?????? ??? ??????? ????? ????? ????.  ?? ????? ????? ?????? ??????? ""??? ???"" ??????? ???? ????????.",?????????????????????????????? ?????????????  ?????????? ????? ????????????????????????????????????????????????????,Dieses Fahrrad bietet ein erstklassiges Preis-/Leistungsverhältnis. Auf seine Reaktionsschnelligkeit und leichte Steuerung können Sie sich im Gelände voll verlassen.,?????????????????????????????????????????????????????????,"""Bu bisiklet hem hesapl?d?r, hem de yüksek seviyede performans gösterir. Duyarl?d?r ve manevra kabiliyeti yüksektir, araziye ç?kmak istedi?inizde güven verir.""",01-07-2013,,Current
588,769.49,BK-M38S-40,1,LB ,CM ,"Mountain-400-W Silver, 40","Montańa: 400 para mujer, plateada, 40","VTT 400 -W argent, 40",419.7784,TRUE,Silver,100,75,769.49,40,38-40 CM,27,4,M ,461.694,M ,W ,Mountain-400-W,"This bike delivers a high-level of performance on a budget. It is responsive and maneuverable, and offers peace-of-mind when you decide to go off-road.","Ce vélo offre un excellent rapport qualité-prix. Vif et facile ŕ manśuvrer, il se conduit en toute tranquillité sur les chemins et les sentiers.",?????????????????????????????????,???? ??? ??????? ????? ?????? ?? ?????? ?? ???? ??????? ?????. ??? ????? ????? ????????? ???????? ?????? ????????? ??? ???????? ??? ????????? ??????? ???? ???? ????? ?? ??????? ??? ????? ??? ???????.,"??????? ??? ?????? ??? ??????? ????? ????? ????.  ?? ????? ????? ?????? ??????? ""??? ???"" ??????? ???? ????????.",?????????????????????????????? ?????????????  ?????????? ????? ????????????????????????????????????????????????????,Dieses Fahrrad bietet ein erstklassiges Preis-/Leistungsverhältnis. Auf seine Reaktionsschnelligkeit und leichte Steuerung können Sie sich im Gelände voll verlassen.,?????????????????????????????????????????????????????????,"""Bu bisiklet hem hesapl?d?r, hem de yüksek seviyede performans gösterir. Duyarl?d?r ve manevra kabiliyeti yüksektir, araziye ç?kmak istedi?inizde güven verir.""",01-07-2013,,Current
589,769.49,BK-M38S-42,1,LB ,CM ,"Mountain-400-W Silver, 42","Montańa: 400 para mujer, plateada, 42","VTT 400 -W argent, 42",419.7784,TRUE,Silver,100,75,769.49,42,42-46 CM,27,4,M ,461.694,M ,W ,Mountain-400-W,"This bike delivers a high-level of performance on a budget. It is responsive and maneuverable, and offers peace-of-mind when you decide to go off-road.","Ce vélo offre un excellent rapport qualité-prix. Vif et facile ŕ manśuvrer, il se conduit en toute tranquillité sur les chemins et les sentiers.",?????????????????????????????????,???? ??? ??????? ????? ?????? ?? ?????? ?? ???? ??????? ?????. ??? ????? ????? ????????? ???????? ?????? ????????? ??? ???????? ??? ????????? ??????? ???? ???? ????? ?? ??????? ??? ????? ??? ???????.,"??????? ??? ?????? ??? ??????? ????? ????? ????.  ?? ????? ????? ?????? ??????? ""??? ???"" ??????? ???? ????????.",?????????????????????????????? ?????????????  ?????????? ????? ????????????????????????????????????????????????????,Dieses Fahrrad bietet ein erstklassiges Preis-/Leistungsverhältnis. Auf seine Reaktionsschnelligkeit und leichte Steuerung können Sie sich im Gelände voll verlassen.,?????????????????????????????????????????????????????????,"""Bu bisiklet hem hesapl?d?r, hem de yüksek seviyede performans gösterir. Duyarl?d?r ve manevra kabiliyeti yüksektir, araziye ç?kmak istedi?inizde güven verir.""",01-07-2013,,Current
590,769.49,BK-M38S-46,1,LB ,CM ,"Mountain-400-W Silver, 46","Montańa: 400 para mujer, plateada, 46","VTT 400 -W argent, 46",419.7784,TRUE,Silver,100,75,769.49,46,42-46 CM,27,4,M ,461.694,M ,W ,Mountain-400-W,"This bike delivers a high-level of performance on a budget. It is responsive and maneuverable, and offers peace-of-mind when you decide to go off-road.","Ce vélo offre un excellent rapport qualité-prix. Vif et facile ŕ manśuvrer, il se conduit en toute tranquillité sur les chemins et les sentiers.",?????????????????????????????????,???? ??? ??????? ????? ?????? ?? ?????? ?? ???? ??????? ?????. ??? ????? ????? ????????? ???????? ?????? ????????? ??? ???????? ??? ????????? ??????? ???? ???? ????? ?? ??????? ??? ????? ??? ???????.,"??????? ??? ?????? ??? ??????? ????? ????? ????.  ?? ????? ????? ?????? ??????? ""??? ???"" ??????? ???? ????????.",?????????????????????????????? ?????????????  ?????????? ????? ????????????????????????????????????????????????????,Dieses Fahrrad bietet ein erstklassiges Preis-/Leistungsverhältnis. Auf seine Reaktionsschnelligkeit und leichte Steuerung können Sie sich im Gelände voll verlassen.,?????????????????????????????????????????????????????????,"""Bu bisiklet hem hesapl?d?r, hem de yüksek seviyede performans gösterir. Duyarl?d?r ve manevra kabiliyeti yüksektir, araziye ç?kmak istedi?inizde güven verir.""",01-07-2013,,Current
591,564.99,BK-M18S-40,1,LB ,CM ,"Mountain-500 Silver, 40","Montańa: 500, plateada, 40","VTT 500 argent, 40",308.2179,TRUE,Silver,100,75,564.99,40,38-40 CM,27,4,M ,338.994,L ,U ,Mountain-500,"Suitable for any type of riding, on or off-road. Fits any budget. Smooth-shifting with a comfortable ride.","Adapté ŕ tous les usages, sur route ou tout-terrain. Pour toutes les bourses. Changement de braquet en douceur et conduite confortable.",??????????????????????????????????????????????,?????? ??? ??? ?? ????? ???????? ????? ??? ????? ??????? ?? ??? ???????. ?????? ??? ???????. ??? ????? ??? ?? ????? ?????.,"??????? ??? ??? ?????, ?????? ?????? ???????? ????. ??????? ??? ?????. ????? ??????? ???? ??? ?? ????? ????.",?????????????????????????? ?????????????????????  ????????????? ????????????????????????? ????????????????????????,Geeignet für Straße und Gelände. Für jedes Budget. Komfortable Gangschaltung.,???????????????????????????????????????????????,Yolda veya arazide her tür sürü?e uygundur. Her bütçeye uyar. Yumu?ak vites geçi?i ve konforlu sürü?.,01-07-2013,,Current
592,564.99,BK-M18S-42,1,LB ,CM ,"Mountain-500 Silver, 42","Montańa: 500, plateada, 42","VTT 500 argent, 42",308.2179,TRUE,Silver,100,75,564.99,42,42-46 CM,28,4,M ,338.994,L ,U ,Mountain-500,"Suitable for any type of riding, on or off-road. Fits any budget. Smooth-shifting with a comfortable ride.","Adapté ŕ tous les usages, sur route ou tout-terrain. Pour toutes les bourses. Changement de braquet en douceur et conduite confortable.",??????????????????????????????????????????????,?????? ??? ??? ?? ????? ???????? ????? ??? ????? ??????? ?? ??? ???????. ?????? ??? ???????. ??? ????? ??? ?? ????? ?????.,"??????? ??? ??? ?????, ?????? ?????? ???????? ????. ??????? ??? ?????. ????? ??????? ???? ??? ?? ????? ????.",?????????????????????????? ?????????????????????  ????????????? ????????????????????????? ????????????????????????,Geeignet für Straße und Gelände. Für jedes Budget. Komfortable Gangschaltung.,???????????????????????????????????????????????,Yolda veya arazide her tür sürü?e uygundur. Her bütçeye uyar. Yumu?ak vites geçi?i ve konforlu sürü?.,01-07-2013,,Current
593,564.99,BK-M18S-44,1,LB ,CM ,"Mountain-500 Silver, 44","Montańa: 500, plateada, 44","VTT 500 argent, 44",308.2179,TRUE,Silver,100,75,564.99,44,42-46 CM,28,4,M ,338.994,L ,U ,Mountain-500,"Suitable for any type of riding, on or off-road. Fits any budget. Smooth-shifting with a comfortable ride.","Adapté ŕ tous les usages, sur route ou tout-terrain. Pour toutes les bourses. Changement de braquet en douceur et conduite confortable.",??????????????????????????????????????????????,?????? ??? ??? ?? ????? ???????? ????? ??? ????? ??????? ?? ??? ???????. ?????? ??? ???????. ??? ????? ??? ?? ????? ?????.,"??????? ??? ??? ?????, ?????? ?????? ???????? ????. ??????? ??? ?????. ????? ??????? ???? ??? ?? ????? ????.",?????????????????????????? ?????????????????????  ????????????? ????????????????????????? ????????????????????????,Geeignet für Straße und Gelände. Für jedes Budget. Komfortable Gangschaltung.,???????????????????????????????????????????????,Yolda veya arazide her tür sürü?e uygundur. Her bütçeye uyar. Yumu?ak vites geçi?i ve konforlu sürü?.,01-07-2013,,Current
594,564.99,BK-M18S-48,1,LB ,CM ,"Mountain-500 Silver, 48","Montańa: 500, plateada, 48","VTT 500 argent, 48",308.2179,TRUE,Silver,100,75,564.99,48,48-52 CM,28,4,M ,338.994,L ,U ,Mountain-500,"Suitable for any type of riding, on or off-road. Fits any budget. Smooth-shifting with a comfortable ride.","Adapté ŕ tous les usages, sur route ou tout-terrain. Pour toutes les bourses. Changement de braquet en douceur et conduite confortable.",??????????????????????????????????????????????,?????? ??? ??? ?? ????? ???????? ????? ??? ????? ??????? ?? ??? ???????. ?????? ??? ???????. ??? ????? ??? ?? ????? ?????.,"??????? ??? ??? ?????, ?????? ?????? ???????? ????. ??????? ??? ?????. ????? ??????? ???? ??? ?? ????? ????.",?????????????????????????? ?????????????????????  ????????????? ????????????????????????? ????????????????????????,Geeignet für Straße und Gelände. Für jedes Budget. Komfortable Gangschaltung.,???????????????????????????????????????????????,Yolda veya arazide her tür sürü?e uygundur. Her bütçeye uyar. Yumu?ak vites geçi?i ve konforlu sürü?.,01-07-2013,,Current
595,564.99,BK-M18S-52,1,LB ,CM ,"Mountain-500 Silver, 52","Montańa: 500, plateada, 52","VTT 500 argent, 52",308.2179,TRUE,Silver,100,75,564.99,52,48-52 CM,29,4,M ,338.994,L ,U ,Mountain-500,"Suitable for any type of riding, on or off-road. Fits any budget. Smooth-shifting with a comfortable ride.","Adapté ŕ tous les usages, sur route ou tout-terrain. Pour toutes les bourses. Changement de braquet en douceur et conduite confortable.",??????????????????????????????????????????????,?????? ??? ??? ?? ????? ???????? ????? ??? ????? ??????? ?? ??? ???????. ?????? ??? ???????. ??? ????? ??? ?? ????? ?????.,"??????? ??? ??? ?????, ?????? ?????? ???????? ????. ??????? ??? ?????. ????? ??????? ???? ??? ?? ????? ????.",?????????????????????????? ?????????????????????  ????????????? ????????????????????????? ????????????????????????,Geeignet für Straße und Gelände. Für jedes Budget. Komfortable Gangschaltung.,???????????????????????????????????????????????,Yolda veya arazide her tür sürü?e uygundur. Her bütçeye uyar. Yumu?ak vites geçi?i ve konforlu sürü?.,01-07-2013,,Current
596,539.99,BK-M18B-40,1,LB ,CM ,"Mountain-500 Black, 40","Montańa: 500, negra, 40","VTT 500 noir, 40",294.5797,TRUE,Black,100,75,539.99,40,38-40 CM,27,4,M ,323.994,L ,U ,Mountain-500,"Suitable for any type of riding, on or off-road. Fits any budget. Smooth-shifting with a comfortable ride.","Adapté ŕ tous les usages, sur route ou tout-terrain. Pour toutes les bourses. Changement de braquet en douceur et conduite confortable.",??????????????????????????????????????????????,?????? ??? ??? ?? ????? ???????? ????? ??? ????? ??????? ?? ??? ???????. ?????? ??? ???????. ??? ????? ??? ?? ????? ?????.,"??????? ??? ??? ?????, ?????? ?????? ???????? ????. ??????? ??? ?????. ????? ??????? ???? ??? ?? ????? ????.",?????????????????????????? ?????????????????????  ????????????? ????????????????????????? ????????????????????????,Geeignet für Straße und Gelände. Für jedes Budget. Komfortable Gangschaltung.,???????????????????????????????????????????????,Yolda veya arazide her tür sürü?e uygundur. Her bütçeye uyar. Yumu?ak vites geçi?i ve konforlu sürü?.,01-07-2013,,Current
597,539.99,BK-M18B-42,1,LB ,CM ,"Mountain-500 Black, 42","Montańa: 500, negra, 42","VTT 500 noir, 42",294.5797,TRUE,Black,100,75,539.99,42,42-46 CM,28,4,M ,323.994,L ,U ,Mountain-500,"Suitable for any type of riding, on or off-road. Fits any budget. Smooth-shifting with a comfortable ride.","Adapté ŕ tous les usages, sur route ou tout-terrain. Pour toutes les bourses. Changement de braquet en douceur et conduite confortable.",??????????????????????????????????????????????,?????? ??? ??? ?? ????? ???????? ????? ??? ????? ??????? ?? ??? ???????. ?????? ??? ???????. ??? ????? ??? ?? ????? ?????.,"??????? ??? ??? ?????, ?????? ?????? ???????? ????. ??????? ??? ?????. ????? ??????? ???? ??? ?? ????? ????.",?????????????????????????? ?????????????????????  ????????????? ????????????????????????? ????????????????????????,Geeignet für Straße und Gelände. Für jedes Budget. Komfortable Gangschaltung.,???????????????????????????????????????????????,Yolda veya arazide her tür sürü?e uygundur. Her bütçeye uyar. Yumu?ak vites geçi?i ve konforlu sürü?.,01-07-2013,,Current
598,539.99,BK-M18B-44,1,LB ,CM ,"Mountain-500 Black, 44","Montańa: 500, negra, 44","VTT 500 noir, 44",294.5797,TRUE,Black,100,75,539.99,44,42-46 CM,28,4,M ,323.994,L ,U ,Mountain-500,"Suitable for any type of riding, on or off-road. Fits any budget. Smooth-shifting with a comfortable ride.","Adapté ŕ tous les usages, sur route ou tout-terrain. Pour toutes les bourses. Changement de braquet en douceur et conduite confortable.",??????????????????????????????????????????????,?????? ??? ??? ?? ????? ???????? ????? ??? ????? ??????? ?? ??? ???????. ?????? ??? ???????. ??? ????? ??? ?? ????? ?????.,"??????? ??? ??? ?????, ?????? ?????? ???????? ????. ??????? ??? ?????. ????? ??????? ???? ??? ?? ????? ????.",?????????????????????????? ?????????????????????  ????????????? ????????????????????????? ????????????????????????,Geeignet für Straße und Gelände. Für jedes Budget. Komfortable Gangschaltung.,???????????????????????????????????????????????,Yolda veya arazide her tür sürü?e uygundur. Her bütçeye uyar. Yumu?ak vites geçi?i ve konforlu sürü?.,01-07-2013,,Current
599,539.99,BK-M18B-48,1,LB ,CM ,"Mountain-500 Black, 48","Montańa: 500, negra, 48","VTT 500 noir, 48",294.5797,TRUE,Black,100,75,539.99,48,48-52 CM,28,4,M ,323.994,L ,U ,Mountain-500,"Suitable for any type of riding, on or off-road. Fits any budget. Smooth-shifting with a comfortable ride.","Adapté ŕ tous les usages, sur route ou tout-terrain. Pour toutes les bourses. Changement de braquet en douceur et conduite confortable.",??????????????????????????????????????????????,?????? ??? ??? ?? ????? ???????? ????? ??? ????? ??????? ?? ??? ???????. ?????? ??? ???????. ??? ????? ??? ?? ????? ?????.,"??????? ??? ??? ?????, ?????? ?????? ???????? ????. ??????? ??? ?????. ????? ??????? ???? ??? ?? ????? ????.",?????????????????????????? ?????????????????????  ????????????? ????????????????????????? ????????????????????????,Geeignet für Straße und Gelände. Für jedes Budget. Komfortable Gangschaltung.,???????????????????????????????????????????????,Yolda veya arazide her tür sürü?e uygundur. Her bütçeye uyar. Yumu?ak vites geçi?i ve konforlu sürü?.,01-07-2013,,Current
600,539.99,BK-M18B-52,1,LB ,CM ,"Mountain-500 Black, 52","Montańa: 500, negra, 52","VTT 500 noir, 52",294.5797,TRUE,Black,100,75,539.99,52,48-52 CM,29,4,M ,323.994,L ,U ,Mountain-500,"Suitable for any type of riding, on or off-road. Fits any budget. Smooth-shifting with a comfortable ride.","Adapté ŕ tous les usages, sur route ou tout-terrain. Pour toutes les bourses. Changement de braquet en douceur et conduite confortable.",??????????????????????????????????????????????,?????? ??? ??? ?? ????? ???????? ????? ??? ????? ??????? ?? ??? ???????. ?????? ??? ???????. ??? ????? ??? ?? ????? ?????.,"??????? ??? ??? ?????, ?????? ?????? ???????? ????. ??????? ??? ?????. ????? ??????? ???? ??? ?? ????? ????.",?????????????????????????? ?????????????????????  ????????????? ????????????????????????? ????????????????????????,Geeignet für Straße und Gelände. Für jedes Budget. Komfortable Gangschaltung.,???????????????????????????????????????????????,Yolda veya arazide her tür sürü?e uygundur. Her bütçeye uyar. Yumu?ak vites geçi?i ve konforlu sürü?.,01-07-2013,,Current
604,539.99,BK-R19B-44,2,LB ,CM ,"Road-750 Black, 44","Carretera: 750, negra, 44","Vélo de route 750 noir, 44",343.6496,TRUE,Black,100,75,539.99,44,42-46 CM,20,4,R ,323.994,L ,U ,Road-750,Entry level adult bike; offers a comfortable ride cross-country or down the block. Quick-release hubs and rims.,Vélo d'adulte d'entrée de gamme ; permet une conduite confortable en ville ou sur les chemins de campagne. Moyeux et rayons ŕ blocage rapide.,?????????????????????????????????,???? ????? ?????? ????????? ?? ????????? ??? ???? ????? ????? ????? ??? ????? ?????? ?? ?? ???? ???????. ????? ????? ???????? ????????? ????????? ????? ???????.,"????? ??????? ????????; ?????? ????? ???? ""???? ????"" ?? ????? ?????. ?????? ???????? ?????? ????.",????????????????????????????????? ??????????????????????????????????????????????????????  ???????????????????????,Ein Erwachsenenrad für Einsteiger; bietet Komfort über Land und in der Stadt. Schnellspann-Naben und Felgen.,????? ?????????????????????????????????????????????????????????,"""Ba?lang?ç seviyesinde yeti?kin bisikleti, k?rda veya soka??n?zda konforlu sürü? sunar. Kolay ç?kar?lan göbekler ve jantlar.""",01-07-2013,,Current
605,539.99,BK-R19B-48,2,LB ,CM ,"Road-750 Black, 48","Carretera: 750, negra, 48","Vélo de route 750 noir, 48",343.6496,TRUE,Black,100,75,539.99,48,48-52 CM,20,4,R ,323.994,L ,U ,Road-750,Entry level adult bike; offers a comfortable ride cross-country or down the block. Quick-release hubs and rims.,Vélo d'adulte d'entrée de gamme ; permet une conduite confortable en ville ou sur les chemins de campagne. Moyeux et rayons ŕ blocage rapide.,?????????????????????????????????,???? ????? ?????? ????????? ?? ????????? ??? ???? ????? ????? ????? ??? ????? ?????? ?? ?? ???? ???????. ????? ????? ???????? ????????? ????????? ????? ???????.,"????? ??????? ????????; ?????? ????? ???? ""???? ????"" ?? ????? ?????. ?????? ???????? ?????? ????.",????????????????????????????????? ??????????????????????????????????????????????????????  ???????????????????????,Ein Erwachsenenrad für Einsteiger; bietet Komfort über Land und in der Stadt. Schnellspann-Naben und Felgen.,????? ?????????????????????????????????????????????????????????,"""Ba?lang?ç seviyesinde yeti?kin bisikleti, k?rda veya soka??n?zda konforlu sürü? sunar. Kolay ç?kar?lan göbekler ve jantlar.""",01-07-2013,,Current
606,539.99,BK-R19B-52,2,LB ,CM ,"Road-750 Black, 52","Carretera: 750, negra, 52","Vélo de route 750 noir, 52",343.6496,TRUE,Black,100,75,539.99,52,48-52 CM,20,4,R ,323.994,L ,U ,Road-750,Entry level adult bike; offers a comfortable ride cross-country or down the block. Quick-release hubs and rims.,Vélo d'adulte d'entrée de gamme ; permet une conduite confortable en ville ou sur les chemins de campagne. Moyeux et rayons ŕ blocage rapide.,?????????????????????????????????,???? ????? ?????? ????????? ?? ????????? ??? ???? ????? ????? ????? ??? ????? ?????? ?? ?? ???? ???????. ????? ????? ???????? ????????? ????????? ????? ???????.,"????? ??????? ????????; ?????? ????? ???? ""???? ????"" ?? ????? ?????. ?????? ???????? ?????? ????.",????????????????????????????????? ??????????????????????????????????????????????????????  ???????????????????????,Ein Erwachsenenrad für Einsteiger; bietet Komfort über Land und in der Stadt. Schnellspann-Naben und Felgen.,????? ?????????????????????????????????????????????????????????,"""Ba?lang?ç seviyesinde yeti?kin bisikleti, k?rda veya soka??n?zda konforlu sürü? sunar. Kolay ç?kar?lan göbekler ve jantlar.""",01-07-2013,,Current
